article_key,english_source,spanish_source,guide_stub,english_url,spanish_url,english_http_2026_09_25,spanish_http_2026_09_25,publication,english_original_sha256,spanish_original_sha256
analytics-reporting-attribution/analytics-overview.md,_i18n/en/analytics-reporting-attribution/analytics-overview.md,_i18n/es/analytics-reporting-attribution/analytics-overview.md,_analytics-reporting-attribution/analytics-overview.md,https://help.hellotext.com/analytics-reporting-attribution-overview,https://help.hellotext.com/es/resumen-analitica-reportes-atribucion,200,200,published_original,2ef5a95bcc273807a74dfa4b694e0bba7999e5ac357296d471f1dcb2fd993e4e,f0c22d593c7b523189d619766b4e6dd7913b67da68981dfb8a2380446e1af1a4
analytics-reporting-attribution/campaign-reporting.md,_i18n/en/analytics-reporting-attribution/campaign-reporting.md,_i18n/es/analytics-reporting-attribution/campaign-reporting.md,_analytics-reporting-attribution/campaign-reporting.md,https://help.hellotext.com/campaign-reporting,https://help.hellotext.com/es/reportes-de-campaña,200,200,published_original,f8bba221f11e7eaf6e93bf4677a99bcd49bfd327199fc7916704d1a2c81d8229,73d98d831b4cf4d0e268cf09fe3847fd872c86fbb71db718088a7ff3fc069380
analytics-reporting-attribution/dashboard-guide.md,_i18n/en/analytics-reporting-attribution/dashboard-guide.md,_i18n/es/analytics-reporting-attribution/dashboard-guide.md,_analytics-reporting-attribution/dashboard-guide.md,https://help.hellotext.com/dashboard-guide,https://help.hellotext.com/es/guia-dashboard,200,200,published_original,b5aad25f2bdc33d0a11acb4c99d3f861219e6d173076ced09f28f046448b8a6d,c22ca1802d0a4373c09b91e021b49eaed2dec97506a865cdc74f9854dbe63781
analytics-reporting-attribution/data-completeness-and-reporting-gaps.md,_i18n/en/analytics-reporting-attribution/data-completeness-and-reporting-gaps.md,_i18n/es/analytics-reporting-attribution/data-completeness-and-reporting-gaps.md,_analytics-reporting-attribution/data-completeness-and-reporting-gaps.md,https://help.hellotext.com/data-completeness-and-reporting-gaps,https://help.hellotext.com/es/integridad-datos-diferencias-reportes,200,200,published_original,abf7d7faafc48f7e849809b8af8c321370f2e75b40be3ccc21b4b8fc4e9569d3,c2e19e92afebd7ffa4405b6def193d59fa402ee70f4ea64a3c63f53959684a4a
analytics-reporting-attribution/demand-insights-guide.md,_i18n/en/analytics-reporting-attribution/demand-insights-guide.md,_i18n/es/analytics-reporting-attribution/demand-insights-guide.md,_analytics-reporting-attribution/demand-insights-guide.md,https://help.hellotext.com/demand-insights-guide,https://help.hellotext.com/es/guia-insights-demanda,200,200,published_original,d68e63a098f28a634dd5e695b99239b30b180439b1cc3e0eef576957ff708a84,8d38545bc1376ce9659061ca8d1947dc9027d95539167deec12b82b71ee1051b
analytics-reporting-attribution/performance-report-guide.md,_i18n/en/analytics-reporting-attribution/performance-report-guide.md,_i18n/es/analytics-reporting-attribution/performance-report-guide.md,_analytics-reporting-attribution/performance-report-guide.md,https://help.hellotext.com/performance-report-guide,https://help.hellotext.com/es/guia-reporte-rendimiento,200,200,published_original,d6d09f6249c295478d3c40965430183cf8c6fa0b8e2f4441df31974e29e31d32,c1482eb75de95a886168ccc2aa0ab665a331d8fed87b0a27549a0687b5c17c97
analytics-reporting-attribution/playbook-reporting.md,_i18n/en/analytics-reporting-attribution/playbook-reporting.md,_i18n/es/analytics-reporting-attribution/playbook-reporting.md,_analytics-reporting-attribution/playbook-reporting.md,https://help.hellotext.com/playbook-reporting,https://help.hellotext.com/es/reportes-de-misiones,200,200,published_original,4333b8b463a2e07fe0811e6c5496ffe0aaa2b04653b1a4a0f21180d72a5c2a8c,41ecc18c868200b4ad089bca1d58c101411f3ed51252232176af89110295fad7
analytics-reporting-attribution/revenue-report-guide.md,_i18n/en/analytics-reporting-attribution/revenue-report-guide.md,_i18n/es/analytics-reporting-attribution/revenue-report-guide.md,_analytics-reporting-attribution/revenue-report-guide.md,https://help.hellotext.com/revenue-report-guide,https://help.hellotext.com/es/guia-reporte-ingresos,200,200,published_original,f07149dbe437b26b673d36a1f25b79e329bcf35a548d060b795c8fcaad47d9f1,08f16700c282dec3408b81e75c5a9b70cff43f3a130114878926d5c60e3af56c
analytics-reporting-attribution/sales-attribution.md,_i18n/en/analytics-reporting-attribution/sales-attribution.md,_i18n/es/analytics-reporting-attribution/sales-attribution.md,_analytics-reporting-attribution/sales-attribution.md,https://help.hellotext.com/how-we-attribute-sales,https://help.hellotext.com/es/como-atribuimos-las-ventas,200,200,published_original,6529afdac8392cfc55a3ddc1a7b8e8930484a0b60f9c2b1864c4ddd50196b8d8,8d9bcbd691990637f8470b146c732c90d1168553bdb899d4fbb34f68028a43fa
analytics-reporting-attribution/service-quality-report-guide.md,_i18n/en/analytics-reporting-attribution/service-quality-report-guide.md,_i18n/es/analytics-reporting-attribution/service-quality-report-guide.md,_analytics-reporting-attribution/service-quality-report-guide.md,https://help.hellotext.com/service-quality-report-guide,https://help.hellotext.com/es/guia-reporte-calidad-servicio,200,200,published_original,816047216a38d178a5d15c4331be714c90e1db4de2fdc99c3c56c9683d1bfb2f,798a6bcd5ed78076e72eb37ff79488334cde6f7d39f3270bb327cccbddc07d4c
analytics-reporting-attribution/tracked-links.md,_i18n/en/analytics-reporting-attribution/tracked-links.md,_i18n/es/analytics-reporting-attribution/tracked-links.md,_analytics-reporting-attribution/tracked-links.md,https://help.hellotext.com/tracked-links,https://help.hellotext.com/es/links-con-tracking,200,200,published_original,f6c594879788dfa5586ce3f372d9b80e7d1cc85437f45a5a28a1e44bd9a1c378,12e4a1d7ff25f3fb7a4f1cab6c764fe9855a7bada378638a5f21a1c7dacdfd65
analytics-reporting-attribution/workload-capacity-report-guide.md,_i18n/en/analytics-reporting-attribution/workload-capacity-report-guide.md,_i18n/es/analytics-reporting-attribution/workload-capacity-report-guide.md,_analytics-reporting-attribution/workload-capacity-report-guide.md,https://help.hellotext.com/workload-capacity-report-guide,https://help.hellotext.com/es/guia-reporte-carga-capacidad,200,200,published_original,18978830101a14743a291445864f8e45fc279c83c14b4a6455feea8678d5c722,a94c1e3aa8bbe40daafc4996f290dfedbdec1e6aa98de291af70b40a3f7ef547
audience/audience-overview.md,_i18n/en/audience/audience-overview.md,_i18n/es/audience/audience-overview.md,_audience/audience-overview.md,https://help.hellotext.com/audience-segmentation-overview,https://help.hellotext.com/es/resumen-audiencia-segmentacion,200,200,published_original,dd85de83eee0c83819242fa411352d60403be03631e56c09207c531d140fe60d,13e466c0dd711986a093af2fb08add78632279557ae99d0394f60bbb4340db8a
audience/consent-and-subscriber-status.md,_i18n/en/audience/consent-and-subscriber-status.md,_i18n/es/audience/consent-and-subscriber-status.md,_audience/consent-and-subscriber-status.md,https://help.hellotext.com/who-can-i-message,https://help.hellotext.com/es/a-quien-puedo-escribirle,200,200,published_original,5f2e57aeb705ea9d7821744b2ba457a88f045c91115d07fa046ef932accd0976,de63ce550874b018d2d85b5342e3b359d83f0515f5d5f32aa37de8d5cb07d64e
audience/custom-properties-and-events.md,_i18n/en/audience/custom-properties-and-events.md,_i18n/es/audience/custom-properties-and-events.md,_audience/custom-properties-and-events.md,https://help.hellotext.com/custom-properties-and-events,https://help.hellotext.com/es/propiedades-y-eventos-personalizados,200,200,published_original,9891097540d815d9b02e8019826489e5858ea0386397d90d90dee08b83bdef80,a89a310ec279b7197e48fcb6bd5e8e4228b2c75331f30c7732d40aee94b0052c
audience/customer-profiles.md,_i18n/en/audience/customer-profiles.md,_i18n/es/audience/customer-profiles.md,_audience/customer-profiles.md,https://help.hellotext.com/customer-profiles,https://help.hellotext.com/es/perfiles-de-clientes,200,200,published_original,46629a61966db2835e5f7b35c893ee8c5d3c2bfba0eed43543c5155d614a9f98,01b007a704bcd6a3e5e074f4d3b0309bdc46bd490baf8fa38e53c214e2977bc6
audience/data-privacy-requests.md,_i18n/en/audience/data-privacy-requests.md,_i18n/es/audience/data-privacy-requests.md,_audience/data-privacy-requests.md,https://help.hellotext.com/data-privacy-requests,https://help.hellotext.com/es/solicitudes-privacidad-datos,200,200,published_original,e2962e74b360479b53230bda475547d4c558ae5f30d75eb31d8dd4d22b5385b2,f68a97d7bc7715d3eb63c426bebec9d02b60aedd3e826ab2df6221fdef270af8
audience/exporting-data.md,_i18n/en/audience/exporting-data.md,_i18n/es/audience/exporting-data.md,_audience/exporting-data.md,https://help.hellotext.com/exporting-data,https://help.hellotext.com/es/exportar-datos,200,200,published_original,ff115330151b7732690779e730aa0ab520d41a22ad825f795cf60ce04b238f77,d4de70d994053fb27bec429cb3099f0d296e38efe8e2b71abc611b7b0304158a
audience/import-customer-profiles.md,_i18n/en/audience/import-customer-profiles.md,_i18n/es/audience/import-customer-profiles.md,_audience/import-customer-profiles.md,https://help.hellotext.com/import-customer-profiles,https://help.hellotext.com/es/importa-perfiles-de-cliente,200,200,published_original,8e61b91ab3c4a2b103837f9bb14c108d99e1d4676b7a374e639fce4868aa2604,b48fa68128df8ede33e32c68cd8ec5b9296df008c8a345c0c8c10df30f7005d7
audience/lists-and-segments.md,_i18n/en/audience/lists-and-segments.md,_i18n/es/audience/lists-and-segments.md,_audience/lists-and-segments.md,https://help.hellotext.com/lists-and-segments,https://help.hellotext.com/es/listas-y-segmentos,200,200,published_original,775f16e21ce004e974fd9ab0cce3db2e560a92509992024ecdbcad3b98582bfb,3eda69e8a23a2f12282603995a70e352a288ca76ec366983abf9fb1b61332888
audience/lists.md,_i18n/en/audience/lists.md,_i18n/es/audience/lists.md,_audience/lists.md,https://help.hellotext.com/lists,https://help.hellotext.com/es/listas,200,200,published_original,00c9f8e607b3fb2194da127cb433cb558ab1f71451acd7b8a034460967b79b52,f27b40724ad4ed576383fa6f7900f94bb0e3e2c09d170a7631f3ac56543830e7
audience/personalization-tags.md,_i18n/en/audience/personalization-tags.md,_i18n/es/audience/personalization-tags.md,_audience/personalization-tags.md,https://help.hellotext.com/personalization-tags,https://help.hellotext.com/es/etiquetas-personalizacion,200,200,published_original,ec9f4503b45a9bbf365500f4934434d98f27e3cd64f1747955317b8066b89558,4ecca31f141d89644cc8b2c9ca5083f16bc9065ef8ac74af096462573ad1283c
audience/segments.md,_i18n/en/audience/segments.md,_i18n/es/audience/segments.md,_audience/segments.md,https://help.hellotext.com/segments,https://help.hellotext.com/es/segmentos,200,200,published_original,b8b6171a1673bf4129aaa870b99fe1ad1628e9141fdcc1f2da24595f8622b68b,6497a923d9d9822c4b5bc845a7fde9dcd0c37c10afb89e50588f50e2ba689892
billing/billing-overview.md,_i18n/en/billing/billing-overview.md,_i18n/es/billing/billing-overview.md,_billing/billing-overview.md,https://help.hellotext.com/pricing-billing-plans-overview,https://help.hellotext.com/es/resumen-precios-facturacion-planes,200,200,published_original,993de26beaf56e9835f6a2bbabac1993203f6bd9d2b4229ad71b405f980b53cc,bd101998278dc96914ca7b43e752880ecf77d7112159fb3b545cca54f2e5cd4e
billing/billing-settings-and-invoices.md,_i18n/en/billing/billing-settings-and-invoices.md,_i18n/es/billing/billing-settings-and-invoices.md,_billing/billing-settings-and-invoices.md,https://help.hellotext.com/billing-settings-and-invoices,https://help.hellotext.com/es/facturacion-metodos-pago-facturas,200,200,published_original,7ebda8521a1cb522709e44ea4d8d862d4097cc81d0fe1d3bf71c2f8d21c052f8,b96f04d981fbdeb1f76cf4124e4a0103a8707394da5f4e9bcd5cff00305cadd0
billing/billing-troubleshooting.md,_i18n/en/billing/billing-troubleshooting.md,_i18n/es/billing/billing-troubleshooting.md,_billing/billing-troubleshooting.md,https://help.hellotext.com/billing-troubleshooting,https://help.hellotext.com/es/solucionar-dudas-facturacion,200,200,published_original,2e4532c4ff0927e35e011b457a39c5e32e415245c67f6e551f142a9b7f9f06d6,adc19c3405913cacf337f821c9b39a84d2365b077b13d5d79c979619079a8bb5
billing/change-or-cancel-your-plan.md,_i18n/en/billing/change-or-cancel-your-plan.md,_i18n/es/billing/change-or-cancel-your-plan.md,_billing/change-or-cancel-your-plan.md,https://help.hellotext.com/change-or-cancel-your-plan,https://help.hellotext.com/es/cambiar-o-cancelar-plan,200,200,published_original,80bc8501219b47fc536186fd1ef8d62b4656f0830773f4b657eb922c17612986,b9219236a09a644f56ad684f442acbe3ef5f3bb6f7f02a85c6ed9cefcf0b5ff3
billing/fair-use-message-policy.md,_i18n/en/billing/fair-use-message-policy.md,_i18n/es/billing/fair-use-message-policy.md,_billing/fair-use-message-policy.md,https://help.hellotext.com/fair-use-message-policy,https://help.hellotext.com/es/politica-fair-use-mensajes,200,200,published_original,2a3b66b11c501c8c462d47ed7c2f4cce2521b8ffcf6c4bfc0b421eb55a1cadec,37db20bd096dfcfa39f49567cbfe55a2453f657cf434f46ed31eceb1bc6f07e4
billing/how-pricing-works.md,_i18n/en/billing/how-pricing-works.md,_i18n/es/billing/how-pricing-works.md,_billing/how-pricing-works.md,https://help.hellotext.com/how-pricing-works,https://help.hellotext.com/es/explicacion-de-tarifas,200,200,published_original,96e59b2cf33a0b60e3322e4f86ad609639d9d299819b0476a2ac91f3d8bb3a78,24748647113ee21ef9ee3e73972d84149df92cca3a0d7965cdea93784c47ebe7
billing/performance-fee-calculation.md,_i18n/en/billing/performance-fee-calculation.md,_i18n/es/billing/performance-fee-calculation.md,_billing/performance-fee-calculation.md,https://help.hellotext.com/performance-fee-calculation,https://help.hellotext.com/es/calculo-tarifa-rendimiento,200,200,published_original,cf8ee2ee7f71fecab2d6532a5c2bc3ecc151b37a73162789c3916a5aea87f2c1,b3fa11e9c75a9893f03badfcdd63d9b1c2500e89d9ea9a6821e96488726528ab
billing/sms-pricing-and-number-types.md,_i18n/en/billing/sms-pricing-and-number-types.md,_i18n/es/billing/sms-pricing-and-number-types.md,_billing/sms-pricing-and-number-types.md,https://help.hellotext.com/sms-pricing-and-number-types,https://help.hellotext.com/es/precios-sms-tipos-remitente,200,200,published_original,95479c0f95fd0b4ad234e41df3a6cbc68a4f570d58cc9317ba75ab995ac5f6cd,255e5058155f60cf4a56739e95674bc171f7d58f6a32285b916dad23b770a711
billing/understanding-plan-quotas.md,_i18n/en/billing/understanding-plan-quotas.md,_i18n/es/billing/understanding-plan-quotas.md,_billing/understanding-plan-quotas.md,https://help.hellotext.com/understanding-plan-quotas,https://help.hellotext.com/es/conociendo-los-consumos-del-plan,200,200,published_original,36c19794df09ddca296def482b17ac2929e7895d742177789ad076a3e120099a,334f1523b3ac92e8f7dba93132c01ee135d100ce3faea1b492b441deb985abe5
billing/whatsapp-fees.md,_i18n/en/billing/whatsapp-fees.md,_i18n/es/billing/whatsapp-fees.md,_billing/whatsapp-fees.md,https://help.hellotext.com/whatsapp-fees,https://help.hellotext.com/es/tarifas-meta-whatsapp,200,200,published_original,5bb7a5cb14f2df663184e50be30d483d66061cb903e556576890bf9ce54eb5e3,9d535a0509c2f966379b58cdfc1449803169edf235e915646f2af9a20e2a2f0d
campaigns/campaign-best-practices.md,_i18n/en/campaigns/campaign-best-practices.md,_i18n/es/campaigns/campaign-best-practices.md,_campaigns/campaign-best-practices.md,https://help.hellotext.com/campaign-best-practices,https://help.hellotext.com/es/buenas-practicas-campanas,200,200,published_original,b05f19d49b164c65c723208314059e8ac4794e7484ab86863ac612950f9d2345,6c6129f5e8b14a2857e6d9ae3a7cdb9f1a5e7bd157a3c377c62963a2d5371e53
campaigns/campaigns-overview.md,_i18n/en/campaigns/campaigns-overview.md,_i18n/es/campaigns/campaigns-overview.md,_campaigns/campaigns-overview.md,https://help.hellotext.com/campaigns-broadcasts-overview,https://help.hellotext.com/es/resumen-campanas-broadcasts,200,200,published_original,454f31812755ab2c41739ca9031ee56f0cf5b71ed9fc6dd40d4920c1f1bc4f5e,efa272ed0d1ca3edda8699034d90d5b1fa83c3ae2ff0e32c9d72e3c13f68520c
campaigns/creating-a-campaign.md,_i18n/en/campaigns/creating-a-campaign.md,_i18n/es/campaigns/creating-a-campaign.md,_campaigns/creating-a-campaign.md,https://help.hellotext.com/creating-a-campaign,https://help.hellotext.com/es/crear-una-campaña,200,200,published_original,19adb6ec90264877c75644386875e67042806262d82086db7b7b3c2b2efdf34e,46f5b2cd0daf0b8ee007174beb4b739941bd4bcf026d8e2329a7c86787e987c3
captures/capture-overview.md,_i18n/en/captures/capture-overview.md,_i18n/es/captures/capture-overview.md,_captures/capture-overview.md,https://help.hellotext.com/capture-tools-overview,https://help.hellotext.com/es/resumen-herramientas-captura,200,200,published_original,615831305f3175fa37aa13f882a242839aeac21848c7921652c5bc0b6b700935,e880d174931820336920d7c0cf2d462814499b6ac5f01e79823bac80ef467d97
captures/forms.md,_i18n/en/captures/forms.md,_i18n/es/captures/forms.md,_captures/forms.md,https://help.hellotext.com/forms,https://help.hellotext.com/es/formularios,200,200,published_original,833b83da7ef84c53293ce3ddf728ac8dbeb87ff923757b0b59353cee14ea06de,502ead604739e32f924874fafc2bd589647b344ff778230de6e1a1ea7ab39242
captures/property-collector-playbook.md,_i18n/en/captures/property-collector-playbook.md,_i18n/es/captures/property-collector-playbook.md,_captures/property-collector-playbook.md,https://help.hellotext.com/property-collector-playbook,https://help.hellotext.com/es/recolector-propiedades,200,200,published_original,2124bba3eb535feb887bd1c26a6545ab4de73f9846173632f1c9a88acd5d9086,7cf9f5f25d2aca46a48c2dcab10f640762feaf8b935012e357b976bb549cd5fb
captures/qr-codes.md,_i18n/en/captures/qr-codes.md,_i18n/es/captures/qr-codes.md,_captures/qr-codes.md,https://help.hellotext.com/qr-codes,https://help.hellotext.com/es/codigos-qr,200,200,published_original,9d82e62136d4fc0c9318706f81e3e81c0faab337bb8987632e8fc89257c12815,cba3c36db7a03201f06154647ed96fb9804811af1785b507382ffdfd641e2e1a
captures/shareable-link.md,_i18n/en/captures/shareable-link.md,_i18n/es/captures/shareable-link.md,_captures/shareable-link.md,https://help.hellotext.com/shareable-link,https://help.hellotext.com/es/link-compartible,200,200,published_original,a29c2c7a79c678e5778f72ee9014590c93617cec5a5f1e28500c3f82cae75e1d,bf1ea20429a12d3f97f675a8e3d95fc6cf8717a5a7267bf4702bd4e523339419
captures/shopify-checkout.md,_i18n/en/captures/shopify-checkout.md,_i18n/es/captures/shopify-checkout.md,_captures/shopify-checkout.md,https://help.hellotext.com/shopify-checkout,https://help.hellotext.com/es/shopify-checkout,200,200,published_original,53b0ea3ce6c0fece2c42bd64ab636e312de16f8ca54c4a5802c2adf040c677e6,2e2ea4cfc1073c9d95a45d0ea5b23ed7388556ccd4d166235901efbfc601505e
captures/subscriber-booster-playbook.md,_i18n/en/captures/subscriber-booster-playbook.md,_i18n/es/captures/subscriber-booster-playbook.md,_captures/subscriber-booster-playbook.md,https://help.hellotext.com/subscriber-booster-playbook,https://help.hellotext.com/es/impulsor-suscriptores,200,200,published_original,73a7a6d3a311ca51d9d5bdc3ffb65802d2b9fee7ea8711f2f387adbcdcdd541d,aca8808af839f319d2ea5c1f735554c5271676ffdc844beb69f7de5b61db3490
captures/webchat-widget-playbook.md,_i18n/en/captures/webchat-widget-playbook.md,_i18n/es/captures/webchat-widget-playbook.md,_captures/webchat-widget-playbook.md,https://help.hellotext.com/webchat-widget-playbook,https://help.hellotext.com/es/widget-webchat,200,200,published_original,e3ed967e990ff600dce0984d6934e224687aa25ca5b97a44828fb6f23603fbf6,57422334a2e3d1b6e2c293eb4b0424ff7081887ecd7544f8495a2e421a488312
captures/website-popup.md,_i18n/en/captures/website-popup.md,_i18n/es/captures/website-popup.md,_captures/website-popup.md,https://help.hellotext.com/website-popup,https://help.hellotext.com/es/popup-sitio-web,200,200,published_original,baf2404028a8266c63ad11d48ea096c76af743e20abe0270d1c261e8cc2afe26,1a8e8d050b9cbe0ca84cc3161d570662ecb48645dcd31e5bc07a4a5bb9658d0c
captures/wix-checkout.md,_i18n/en/captures/wix-checkout.md,_i18n/es/captures/wix-checkout.md,_captures/wix-checkout.md,https://help.hellotext.com/wix-checkout,https://help.hellotext.com/es/wix-checkout,200,200,published_original,7b626421b55e3cb6a60ad27e102807c634fd63f84277495d161db2ece7134f89,7e53dc6cc67e76625ace78ce774d3fdc5606e97d91fa8fafa4aaca86724d7f51
developers/api.md,,,_developers/api.md,https://help.hellotext.com/api,https://help.hellotext.com/es/api,200,200,redirect_stub,,
developers/coupons-with-api.md,_i18n/en/developers/coupons-with-api.md,_i18n/es/developers/coupons-with-api.md,_developers/coupons-with-api.md,https://help.hellotext.com/coupons-with-api,https://help.hellotext.com/es/cupones-con-api,200,200,published_original,dcbd545a85a75b005db75970bc90d155a32b5a311bbf17d40cfd44ef210ae986,39231509c54f2944074dd93f2cdba7a37a8e9cceaf5e24abfa9504672ace9462
developers/custom-actions.md,_i18n/en/developers/custom-actions.md,_i18n/es/developers/custom-actions.md,_developers/custom-actions.md,https://help.hellotext.com/custom-actions,https://help.hellotext.com/es/acciones-personalizadas,200,200,published_original,7fc29ed30fd004b2f4aac18dea487fccd18a08daca1226af2345fa641717d8dc,cd8a93f9bab295ca6093e4694a6939cbaa6d51959e14a8de9c171b19b1fa771e
developers/custom-store-integration.md,_i18n/en/developers/custom-store-integration.md,_i18n/es/developers/custom-store-integration.md,_developers/custom-store-integration.md,https://help.hellotext.com/integrate-custom-store,https://help.hellotext.com/es/integrar-tienda-personalizada,200,200,published_original,d1e118128265b3addc4a3f78dab957c01243891c2c653fbc724d963bfe2712a2,73ee87a80021d3caa46902942c89598b42ad8fcf4093cc4d447a1fd55dd142ea
developers/developers-overview.md,_i18n/en/developers/developers-overview.md,_i18n/es/developers/developers-overview.md,_developers/developers-overview.md,https://help.hellotext.com/developers-api-overview,https://help.hellotext.com/es/resumen-desarrolladores-api,200,200,published_original,5ce34b402584f039aaba6ddb227daf3f2b29d28dcfa390781cab11797be2b46c,73a8f166f1c2220a0609ad7345d06f675d169bd39528f95bf5984abc0743636d
developers/external-tracking.md,_i18n/en/developers/external-tracking.md,_i18n/es/developers/external-tracking.md,_developers/external-tracking.md,https://help.hellotext.com/external-tracking,https://help.hellotext.com/es/seguimiento-externo,200,200,published_original,51e5ea2548cdfafbf24ef503cae32079722068e610aaa6981e688e7206b4a207,9ea9b41e358ab638f9d364e6debe8f244e6111b5be0e4dc81a11aa797324a153
developers/objects.md,_i18n/en/developers/objects.md,_i18n/es/developers/objects.md,_developers/objects.md,https://help.hellotext.com/objects,https://help.hellotext.com/es/objetos,200,200,published_original,d639ea682795fefb1879f7cbb31b5df65c2e3af8bbf2e4ab2715ce55f4eff9a3,f3b6eaea8c0e2ec20ab518a8461dfc7d7c09fa9a720718cd704c3d8655fdfe75
developers/orders-with-api.md,_i18n/en/developers/orders-with-api.md,_i18n/es/developers/orders-with-api.md,_developers/orders-with-api.md,https://help.hellotext.com/orders-with-api,https://help.hellotext.com/es/pedidos-con-api,200,200,published_original,70dcf8b7128da314fda211b8b4f363ee1e0321e25473413304f98a3fc52ac44d,584f58190a8377e723db44ca0dfe0f2b1151ecfb66df23ca1fe13df8c2ecc5d5
developers/products-and-inventory-with-api.md,_i18n/en/developers/products-and-inventory-with-api.md,_i18n/es/developers/products-and-inventory-with-api.md,_developers/products-and-inventory-with-api.md,https://help.hellotext.com/products-and-inventory-with-api,https://help.hellotext.com/es/productos-inventario-con-api,200,200,published_original,61e5d4b247026c580268b40d542788444663d91fee7fc9125f6bc4c04edfa761,cd01e61a8135cfab5f9393136d40d66bee4284b42c2a822ec6f4f82a636f9544
developers/send-messages-with-api.md,_i18n/en/developers/send-messages-with-api.md,_i18n/es/developers/send-messages-with-api.md,_developers/send-messages-with-api.md,https://help.hellotext.com/send-messages-with-api,https://help.hellotext.com/es/enviar-mensajes-con-api,200,200,published_original,0b15c282a9f53bea3778b60eb22758d49c4667c5130ccf774d8d1881ca33a321,c1db668d7d61675d8f686941d544347ef911c7b797a8de8b1d8cf183f4e4c99c
developers/send-sms-with-api.md,_i18n/en/developers/send-sms-with-api.md,_i18n/es/developers/send-sms-with-api.md,_developers/send-sms-with-api.md,https://help.hellotext.com/send-sms-with-api,https://help.hellotext.com/es/enviar-sms-con-api,200,200,published_original,75c3677027ccf130f8709c0317e94fb8838005f341d233291500b3c5f9530826,728a4bfe5d500b49b80cf5afc23bf06effb197f762ada6d5272583d5283ba03b
developers/setup-push-with-hellotext-js.md,_i18n/en/developers/setup-push-with-hellotext-js.md,_i18n/es/developers/setup-push-with-hellotext-js.md,_developers/setup-push-with-hellotext-js.md,https://help.hellotext.com/setup-push-with-hellotext-js,https://help.hellotext.com/es/configurar-push-con-hellotext-js,200,200,published_original,770a37e776567668b86aff7582e44382a6389b52082dbc35f8a9f155ff07d7b0,351e328befc0d17c28ec73fab62ebedf860d7f784e9d514098ed5fe53b907fa7
developers/templates-with-api.md,_i18n/en/developers/templates-with-api.md,_i18n/es/developers/templates-with-api.md,_developers/templates-with-api.md,https://help.hellotext.com/templates-with-api,https://help.hellotext.com/es/plantillas-con-api,200,200,published_original,277c5a7c79b9c6e8ecfe07f5fca5a36ee29ae073dc448a5f1108da2452b86fad,782b179cb49052744407504099f8da2a7c5fb24e2ce9e784f78c6cd529464da5
developers/tracking-events.md,_i18n/en/developers/tracking-events.md,_i18n/es/developers/tracking-events.md,_developers/tracking-events.md,https://help.hellotext.com/tracking-events,https://help.hellotext.com/es/seguimiento-de-eventos,200,200,published_original,e39ef0fae9334ecaff7b31edece0b0ab9667c1b3073e5ab8c20176b7ed6d8f85,4a4356f18ba120333f307143d76ad75df575b770cb86ce243ca1539965555ad1
developers/tracking-on-campaigns-and-journeys.md,_i18n/en/developers/tracking-on-campaigns-and-journeys.md,_i18n/es/developers/tracking-on-campaigns-and-journeys.md,_developers/tracking-on-campaigns-and-journeys.md,https://help.hellotext.com/tracking-on-campaigns-and-journeys,https://help.hellotext.com/es/seguimiento-en-campañas-y-rutas,200,200,published_original,8a4f79c3ac5f4942b43ade4fbff4ba42aef9be9d452957f9c21057cda986182d,a14bb2a404f2f7c86d7a1af3c7c964b551bb52abdcbb15d2ea06d1304d109c09
developers/tracking-unidentified-customers.md,_i18n/en/developers/tracking-unidentified-customers.md,_i18n/es/developers/tracking-unidentified-customers.md,_developers/tracking-unidentified-customers.md,https://help.hellotext.com/tracking-unidentified-customers,https://help.hellotext.com/es/seguimiento-de-clientes-no-identificados,200,200,published_original,18cc6707afd8ce89daf911512247169dd175ddba2e82a1d1a22fb964b4409a1a,b138a213dd80616b67e504e1aa9814606025faea7bc1981245cfa8fc36b90ef6
developers/troubleshoot-custom-integration.md,_i18n/en/developers/troubleshoot-custom-integration.md,_i18n/es/developers/troubleshoot-custom-integration.md,_developers/troubleshoot-custom-integration.md,https://help.hellotext.com/troubleshoot-custom-integration,https://help.hellotext.com/es/solucionar-integracion-personalizada,200,200,published_original,f96a26f4ffe4c27ca1c01132a88cf5b521b05a29f70ca829f65aa05f3416704c,54706bce0a47e8d4aca6f15ac3ca4c6856e6310fae8f1ccb401d39733e480f62
getting-started/first-wins-starter-pack.md,_i18n/en/getting-started/first-wins-starter-pack.md,_i18n/es/getting-started/first-wins-starter-pack.md,_getting-started/first-wins-starter-pack.md,https://help.hellotext.com/first-wins-starter-pack,https://help.hellotext.com/es/primeros-logros-recomendados,200,200,published_original,11acc54f9cdcab782a6e2638d0f8c9c50e7f4db7b1be0b9b4143181990d9af87,9174d08821081fe4e0bc6cef5b1594e3647b41be3e2b2b072b11b12667f23f90
getting-started/frequent-questions.md,_i18n/en/getting-started/frequent-questions.md,_i18n/es/getting-started/frequent-questions.md,_getting-started/frequent-questions.md,https://help.hellotext.com/frequent-questions,https://help.hellotext.com/es/preguntas-frecuentes,200,200,published_original,b3ac9c1e27153a76534cba38c00d6e87804cd9ea9e35e2676be2f427b006ce39,99b672cbb60ec355e9f035bf5008c433dd317622cbc008784061b770ac26e71f
getting-started/go-live-checklist.md,_i18n/en/getting-started/go-live-checklist.md,_i18n/es/getting-started/go-live-checklist.md,_getting-started/go-live-checklist.md,https://help.hellotext.com/go-live-checklist,https://help.hellotext.com/es/checklist-antes-de-enviar,200,200,published_original,dd6defbe5d4ad4fe352293ba8b20095418c07f61a647731b900770d624640450,12a3dc37899c50baffaa53d8e0861f3b9915e973018917aeaeb93ade39fbfd2f
getting-started/how-hellotext-works.md,_i18n/en/getting-started/how-hellotext-works.md,_i18n/es/getting-started/how-hellotext-works.md,_getting-started/how-hellotext-works.md,https://help.hellotext.com/how-hellotext-works,https://help.hellotext.com/es/como-funciona-hellotext,200,200,published_original,58e3f667107aafa305b23e4c87ce71aa2868567f9251cc90bc3fd7540ce0a838,9fadb719280692315a26ab277ceb22c8e7e8b1669270ee4e5479804fae219c0c
getting-started/implementation-paths.md,_i18n/en/getting-started/implementation-paths.md,_i18n/es/getting-started/implementation-paths.md,_getting-started/implementation-paths.md,https://help.hellotext.com/implementation-paths,https://help.hellotext.com/es/caminos-de-implementacion,200,200,published_original,9af082bd76e9e3a26b6e2406e436b0a82379d4bba557612800149d2e94a19c41,e0e6f1f6bb789e1d85a14153bb1a681647f697cfc11f41568ec9e9b62406b626
getting-started/launch-checklist.md,_i18n/en/getting-started/launch-checklist.md,_i18n/es/getting-started/launch-checklist.md,_getting-started/launch-checklist.md,https://help.hellotext.com/launch-checklist,https://help.hellotext.com/es/checklist-lanzamiento,200,200,published_original,89875eba8327455b5289c9b77dc392a88912efb27a16c86c24f42067b373bfba,4061c2a7ba849ba4c95742b2c0f2095ad2fdced255f9adad2a0dbc197fcf689d
getting-started/measure-success-first-7-days.md,_i18n/en/getting-started/measure-success-first-7-days.md,_i18n/es/getting-started/measure-success-first-7-days.md,_getting-started/measure-success-first-7-days.md,https://help.hellotext.com/measure-success-first-7-days,https://help.hellotext.com/es/mide-exito-primeros-7-dias,200,200,published_original,5fa8efa50a171ff117c6f22829c151cb52abbd72df2290ea0136c2fa7a6d3953,3b4c82765c717c831ba9c854342dedca4727f976abc56d01da21e0724af5ca69
getting-started/setting-up-your-business.md,_i18n/en/getting-started/setting-up-your-business.md,_i18n/es/getting-started/setting-up-your-business.md,_getting-started/setting-up-your-business.md,https://help.hellotext.com/setting-up-your-business,https://help.hellotext.com/es/comenzando-con-tu-negocio,200,200,published_original,7814d303868aaef8b202ff031904d55b9d1f1add4af7ddbc478b644c2621326f,f0e12c5488c0afd6567538cfeabe8a2b1388c701be889258ef044a959f452491
getting-started/tips-and-best-practices.md,_i18n/en/getting-started/tips-and-best-practices.md,_i18n/es/getting-started/tips-and-best-practices.md,_getting-started/tips-and-best-practices.md,https://help.hellotext.com/tips-and-best-practices,https://help.hellotext.com/es/consejos-y-mejores-practicas,200,200,published_original,e05616104d83df60f226f6709c35a8c39b5943655d2ef8ecbac0ec6351fa60e6,624a1bd6c0c4ec9431bea69d8e18866221c03988acd9b568bbf824e44d959c25
getting-started/what-is-hellotext.md,_i18n/en/getting-started/what-is-hellotext.md,_i18n/es/getting-started/what-is-hellotext.md,_getting-started/what-is-hellotext.md,https://help.hellotext.com/what-is-hellotext,https://help.hellotext.com/es/que-es-hellotext,200,200,published_original,e80e5e12002a1375a0d20fa3a721ddcde398084186aed6a18eb89b1c24e435dd,3edbbcb78256d4942dbc4c89a0f212ecf7426bafefb7f03a9f750011e1129ba9
integrations/connect-catalog-to-whatsapp.md,_i18n/en/integrations/connect-catalog-to-whatsapp.md,_i18n/es/integrations/connect-catalog-to-whatsapp.md,_integrations/connect-catalog-to-whatsapp.md,https://help.hellotext.com/connect-catalog-to-whatsapp,https://help.hellotext.com/es/conecta-catalogo-whatsapp,200,200,published_original,4fbee4c5d67c787560605f739f48806ebf6cfb2505ca55989a8cfa5489f04e09,56c8826225a508546d811bf6e7d43196fb548c5385dfbe423eedd7d5fd710f7d
integrations/connect-facebook-messenger.md,_i18n/en/integrations/connect-facebook-messenger.md,_i18n/es/integrations/connect-facebook-messenger.md,_integrations/connect-facebook-messenger.md,https://help.hellotext.com/connect-facebook-messenger,https://help.hellotext.com/es/conecta-facebook-messenger,200,200,published_original,7ce013b2f7b723cd8f181516a0d95a1e9cf564ec34dc82493472e92fb88e6f27,61f341efe2afce09caea671ebc3fdbff8d6a1c086bcf5ff48bc2730f284b7464
integrations/connect-fenicio.md,_i18n/en/integrations/connect-fenicio.md,_i18n/es/integrations/connect-fenicio.md,_integrations/connect-fenicio.md,https://help.hellotext.com/connect-fenicio,https://help.hellotext.com/es/conecta-fenicio,200,200,published_original,b74013204172fbc81b5e2b27f28aa52277d6d9877111fa7df536340339100ad5,5e14cc6bb9cde170dfa653781da5bd316cc043134da510a3ffffe0203b787a24
integrations/connect-instagram-dm.md,_i18n/en/integrations/connect-instagram-dm.md,_i18n/es/integrations/connect-instagram-dm.md,_integrations/connect-instagram-dm.md,https://help.hellotext.com/connect-instagram-dm,https://help.hellotext.com/es/conecta-instagram-dm,200,200,published_original,ede99edfb0954573e1c01ec9496101a7a5edd518a2bcc943314f7e14f432f313,dcef074cac2b561d65d5950a2cb2c2345237d1aeabaca0eff6f3b0a951809c9f
integrations/connect-mercado-libre.md,_i18n/en/integrations/connect-mercado-libre.md,_i18n/es/integrations/connect-mercado-libre.md,_integrations/connect-mercado-libre.md,https://help.hellotext.com/connect-mercado-libre,https://help.hellotext.com/es/conecta-mercado-libre,200,200,published_original,db7733021510bf7c7c0a031d06d003377977b5f4459f36cba5e948c6ec2b19af,26e093a0387f4dae13a696385bf9be9cb391af4710925d0f4429085872ba82dd
integrations/connect-shopify.md,_i18n/en/integrations/connect-shopify.md,_i18n/es/integrations/connect-shopify.md,_integrations/connect-shopify.md,https://help.hellotext.com/connect-shopify,https://help.hellotext.com/es/conecta-shopify,200,200,published_original,6eb2f1407fe4d7eb1c64b8bcc4dbd0ea542d1b01308fbda7a6ef49987fe61590,9c86fbb80177a5d7e7c5ac48eec7dec1898ee5723c6f3c9cb383f48d2de31916
integrations/connect-vtex.md,_i18n/en/integrations/connect-vtex.md,_i18n/es/integrations/connect-vtex.md,_integrations/connect-vtex.md,https://help.hellotext.com/connect-vtex,https://help.hellotext.com/es/conecta-vtex,200,200,published_original,da198f2c29a9a25cb7e70e9108bdfb1853f7a11055a32c5e40b2851a53602d71,cbb3dc7c70ef110566fb774c034ff9905582ac7f0c018c39e75022cd6135cd0f
integrations/connect-whatsapp.md,_i18n/en/integrations/connect-whatsapp.md,_i18n/es/integrations/connect-whatsapp.md,_integrations/connect-whatsapp.md,https://help.hellotext.com/connect-whatsapp,https://help.hellotext.com/es/conecta-whatsapp,200,200,published_original,5ad5739c12871ad2596f1350e5d2817c164cd23de3376a7639362073d12007dc,4ac6190455ae66cff4dac4b8a7c2f8068a0a75578166fe87a73c944a163bf4ae
integrations/connect-wix.md,_i18n/en/integrations/connect-wix.md,_i18n/es/integrations/connect-wix.md,_integrations/connect-wix.md,https://help.hellotext.com/connect-wix,https://help.hellotext.com/es/conecta-wix,200,200,published_original,bd91bc7269d00094d5078d32072f1e1df9b4b6cfb9048205118996a5d7ad6456,29574e966057b05d57d061b98c612eac5653adb4d7babeb67bd69b2eaff07f07
integrations/connect-woo.md,_i18n/en/integrations/connect-woo.md,_i18n/es/integrations/connect-woo.md,_integrations/connect-woo.md,https://help.hellotext.com/connect-woo,https://help.hellotext.com/es/conecta-woo,200,200,published_original,3f87dba69f9a1dbf0abf8d0e09d302cf647766a9b2b5c1fd4f698ee531085a60,34c3ab844c91056c55dae4dad6d7b9cc451307b595609718dd60cdaac1bbe9c7
integrations/custom-domain-for-short-links.md,_i18n/en/integrations/custom-domain-for-short-links.md,_i18n/es/integrations/custom-domain-for-short-links.md,_integrations/custom-domain-for-short-links.md,https://help.hellotext.com/setting-up-custom-shortlink-domain,https://help.hellotext.com/es/configurando-dominio-para-enlaces-cortos,200,200,published_original,41c79cf2a2c1a5d14e3ef3c2d3c179abae777153467e935046e08c6954806816,6e1ee7d6edb90a181b9738fc11363c8b96bfe2565a75dd6b983b8bc5fa4193c4
integrations/product-catalog-sync.md,_i18n/en/integrations/product-catalog-sync.md,_i18n/es/integrations/product-catalog-sync.md,_integrations/product-catalog-sync.md,https://help.hellotext.com/product-catalog-synchronization,https://help.hellotext.com/es/sincronizacion-catalogo-productos,200,200,published_original,b3bc030134044b16e01e509ca1fcd58584cf88f614818b07f4a8a88cf6ce07d8,fe1423e1853e9425d3a098c2dfd33944e6b93c2d168c7b40def0c2550c560152
integrations/set-up-email-sending.md,_i18n/en/integrations/set-up-email-sending.md,_i18n/es/integrations/set-up-email-sending.md,_integrations/set-up-email-sending.md,https://help.hellotext.com/set-up-email-sending,https://help.hellotext.com/es/configura-envio-correos,200,200,published_original,0b0b1c75a3bb553f874f18c01f5089f23b220fa8ec9fd9ef5bacb359d77b1804,33b2dc66c93a77294d194abb79617b1376381c95717b6e0cd8bebab5f5250694
integrations/setup-overview.md,_i18n/en/integrations/setup-overview.md,_i18n/es/integrations/setup-overview.md,_integrations/setup-overview.md,https://help.hellotext.com/setup-overview,https://help.hellotext.com/es/resumen-configuracion,200,200,published_original,9f2de4b0113d6a0634e1ebf2adf5133c8c824329e63d6e5313758e450903b39c,f2394661644fa91c2cd182671530b4f0fe658c0e2b81c0c01bb5e35702e5a4c5
integrations/setup-push-notifications.md,_i18n/en/integrations/setup-push-notifications.md,_i18n/es/integrations/setup-push-notifications.md,_integrations/setup-push-notifications.md,https://help.hellotext.com/setup-push-notifications,https://help.hellotext.com/es/configurar-notificaciones-push,200,200,published_original,40580720f0ad60d75d957f90d547d1047905ac53aba1df74d7d334a68335cb37,745980dfe335e3034275b4810ae1d912ae3728890b8c9b6584014c4220cb7116
integrations/transferring-ownership.md,_i18n/en/integrations/transferring-ownership.md,_i18n/es/integrations/transferring-ownership.md,_integrations/transferring-ownership.md,https://help.hellotext.com/transferring-ownership,https://help.hellotext.com/es/transfiriendo-el-negocio,200,200,published_original,9b4180aaea2645207351dfdeba221d01e0a11906212901ec63e4fd51b58923f3,332b1e8169cdc1c9fb639e0892efaa4d722a648ecfa78a5b082784162db42996
integrations/verify-data-and-signals.md,_i18n/en/integrations/verify-data-and-signals.md,_i18n/es/integrations/verify-data-and-signals.md,_integrations/verify-data-and-signals.md,https://help.hellotext.com/verify-data-and-signals,https://help.hellotext.com/es/verifica-datos-y-senales,200,200,published_original,2933c6f16d28a5a4fb530a022120c2977a8ddfe78351cfb4e24ddf20411b2658,50c5ae6a11fb987ebeb2360e2d8498d9212c19d12cacb847238e9d3873c2cbfd
journeys/abandoned-cart-route-vs-ai-playbook.md,_i18n/en/journeys/abandoned-cart-route-vs-ai-playbook.md,_i18n/es/journeys/abandoned-cart-route-vs-ai-playbook.md,_journeys/abandoned-cart-route-vs-ai-playbook.md,https://help.hellotext.com/abandoned-cart-route-vs-ai-playbook,https://help.hellotext.com/es/carrito-abandonado-ruta-vs-mision-ia,200,200,published_original,d3409687efc91bd02937ef3b081df7850599cccf6c49db4af4350d5345b4a4a1,68f3c464484c830e90c576e83e43b5322effb8d78c3a08a9679bffaacdb10642
journeys/ai-cart-saver-playbook.md,_i18n/en/journeys/ai-cart-saver-playbook.md,_i18n/es/journeys/ai-cart-saver-playbook.md,_journeys/ai-cart-saver-playbook.md,https://help.hellotext.com/ai-cart-saver-playbook,https://help.hellotext.com/es/recuperador-carritos-ia,200,200,published_original,6595f1db9f6bc0dc3266f48d9279800f5129714ba169f9210ef142f360ede607,33799879d012f5a07aae9a75dd02b701c2d5c52d08fca4645c85035ca68fddfe
journeys/anniversary-surprise-playbook.md,_i18n/en/journeys/anniversary-surprise-playbook.md,_i18n/es/journeys/anniversary-surprise-playbook.md,_journeys/anniversary-surprise-playbook.md,https://help.hellotext.com/anniversary-surprise-playbook,https://help.hellotext.com/es/sorpresa-de-aniversario,200,200,published_original,b53057aaf25ac92309a7e61785640dccb70251822c75858458802a1986def84e,3eb53fb2e341bcfc8d15b468a9808bb9f35deefe62d851c4ac0288a7491e8447
journeys/back-in-stock-pounce.md,_i18n/en/journeys/back-in-stock-pounce.md,_i18n/es/journeys/back-in-stock-pounce.md,_journeys/back-in-stock-pounce.md,https://help.hellotext.com/back-in-stock-pounce,https://help.hellotext.com/es/vuelta-a-stock,200,200,published_original,1919212de7c7aacbc82e68cd6fbba0ce1fe22988ddbc65350266bbb33363dd1e,839df66f8b4eb498a5b14879d98121dae75f856d8b49d5353df72df2219cb7c6
journeys/birthday-bash-playbook.md,_i18n/en/journeys/birthday-bash-playbook.md,_i18n/es/journeys/birthday-bash-playbook.md,_journeys/birthday-bash-playbook.md,https://help.hellotext.com/birthday-bash-playbook,https://help.hellotext.com/es/celebra-cumpleanos,200,200,published_original,f29a1b59588512919c1ff42a688dc58a8f0dc429ac5f4df051f2375a47881d0b,784c50877928401870673ee4f624d832f1d8fe623400c00148cd692ee2f2ce35
journeys/browse-recovery-playbook.md,_i18n/en/journeys/browse-recovery-playbook.md,_i18n/es/journeys/browse-recovery-playbook.md,_journeys/browse-recovery-playbook.md,https://help.hellotext.com/browse-recovery-playbook,https://help.hellotext.com/es/recuperacion-navegacion,200,200,published_original,40b33c63eeb5fb5bc9b083398c79b7d89e60f3f18a4d017ddae028c588127eb1,4fc1141043ebfb6f2c555fbbbd1e23d74f5d7718157d34db7824addd261cf3a7
journeys/cart-saver-route.md,_i18n/en/journeys/cart-saver-route.md,_i18n/es/journeys/cart-saver-route.md,_journeys/cart-saver-route.md,https://help.hellotext.com/cart-saver-route,https://help.hellotext.com/es/ruta-recuperador-carritos,200,200,published_original,94676a9482b9f7cbad7a363ead9f9ece33e624ed3f24dd892c1f53664afda699,0ccc206991c4d7258962e3efe98888ba0614d9c69bcaed278e7377ccd20f7eeb
journeys/choose-your-first-playbook.md,_i18n/en/journeys/choose-your-first-playbook.md,_i18n/es/journeys/choose-your-first-playbook.md,_journeys/choose-your-first-playbook.md,https://help.hellotext.com/choose-your-first-playbook,https://help.hellotext.com/es/elige-tu-primera-mision,200,200,published_original,8c3c3c907dd16488f28e76a6844616ae5feb75ac92f0d8d16b7a41fc1511d063,044fb87c6b66ea202f6a36d94ab3323381499be83a241a96333cdc8f265020e8
journeys/complete-the-look-playbook.md,_i18n/en/journeys/complete-the-look-playbook.md,_i18n/es/journeys/complete-the-look-playbook.md,_journeys/complete-the-look-playbook.md,https://help.hellotext.com/complete-the-look-playbook,https://help.hellotext.com/es/completa-el-look,200,200,published_original,19310167dfeac5bb270ef55ab3b6bd47ce83bf994629c6b65a7a5d90ba63dad6,e5260fb1eede47a989a1c4fb95410246fbdabc836e21097a30fbb434bd29f7c5
journeys/cross-sell-driver-playbook.md,_i18n/en/journeys/cross-sell-driver-playbook.md,_i18n/es/journeys/cross-sell-driver-playbook.md,_journeys/cross-sell-driver-playbook.md,https://help.hellotext.com/cross-sell-driver-playbook,https://help.hellotext.com/es/impulsor-ventas-cruzadas,200,200,published_original,ea5827c6af680d610b25e8358f26be0cbdaf82dcbbc86bdbf076f1398ae7560a,bde82f7fe26ef555cb6684fe29fd064eda3ad38df74832f4584d0bd998194d52
journeys/csat-pulse-playbook.md,_i18n/en/journeys/csat-pulse-playbook.md,_i18n/es/journeys/csat-pulse-playbook.md,_journeys/csat-pulse-playbook.md,https://help.hellotext.com/csat-pulse-playbook,https://help.hellotext.com/es/pulso-csat,200,200,published_original,f2fc65dff35c16e5904075223b8eacca29ecc1382779de899b562884d9c13916,b6dbbb814570423e6b5ae88006064c101421f81d15b205a0d5fe36e6c15c5e8b
journeys/custom-agent-playbook.md,_i18n/en/journeys/custom-agent-playbook.md,_i18n/es/journeys/custom-agent-playbook.md,_journeys/custom-agent-playbook.md,https://help.hellotext.com/custom-agent-playbook,https://help.hellotext.com/es/agente-personalizado,200,200,published_original,2b561e4e421f57db68e500543a19063c8ef9f4457fa0649803a33b9da2baed44,7741af7ae28fc34557100be3e19197a80e9e59b39f370e4b0fcc1533072bf6c6
journeys/custom-journey.md,_i18n/en/journeys/custom-journey.md,_i18n/es/journeys/custom-journey.md,_journeys/custom-journey.md,https://help.hellotext.com/custom-journey,https://help.hellotext.com/es/ruta-personalizada,200,200,published_original,72c01bbec890ab367f88f6f369cd82f0b93ebb0d91d51d0f835ffdb608f8f436,a6a4fc285453ebba937703adf02168e58937c6447c0f60bac0cf4cd3fdf96f2a
journeys/dormant-revival-playbook.md,_i18n/en/journeys/dormant-revival-playbook.md,_i18n/es/journeys/dormant-revival-playbook.md,_journeys/dormant-revival-playbook.md,https://help.hellotext.com/dormant-revival-playbook,https://help.hellotext.com/es/reactivacion-inactivos,200,200,published_original,315b3db48dd08c9bfbf885ae9d9be1000b8f84887c5edf62351711361cfc9278,96ebff668986b7c2d56342c9ffd581417a5d5abac50113de0ba5c3416c43aafc
journeys/first-purchase-driver-playbook.md,_i18n/en/journeys/first-purchase-driver-playbook.md,_i18n/es/journeys/first-purchase-driver-playbook.md,_journeys/first-purchase-driver-playbook.md,https://help.hellotext.com/first-purchase-driver-playbook,https://help.hellotext.com/es/impulsor-primera-compra,200,200,published_original,319e35f01a28c73fe0f6e96326cc897aeab2cb347cd53fe90ccd450f1ab751f0,bf5a48578fdbf71544ee9fba5a67ec7680c84ae74ed20b9cc83b62e0a29cdd62
journeys/getting-started-with-journeys.md,_i18n/en/journeys/getting-started-with-journeys.md,_i18n/es/journeys/getting-started-with-journeys.md,_journeys/getting-started-with-journeys.md,https://help.hellotext.com/getting-started-with-journeys,https://help.hellotext.com/es/primeros-pasos-con-rutas,200,200,published_original,88235e2d1a4d831504674a53e21a2fc856b35627077c07a606e5b0098b673aa8,0a8f1c8151e2574bbdbaf4ffcf938547568c82774ce20b9f52d4f5c3b7d591b1
journeys/how-hellotext-decides-whether-a-playbook-can-send.md,_i18n/en/journeys/how-hellotext-decides-whether-a-playbook-can-send.md,_i18n/es/journeys/how-hellotext-decides-whether-a-playbook-can-send.md,_journeys/how-hellotext-decides-whether-a-playbook-can-send.md,https://help.hellotext.com/how-hellotext-decides-whether-a-playbook-can-send,https://help.hellotext.com/es/como-decide-hellotext-si-una-mision-puede-enviar,200,200,published_original,60dbc7144dcb38d0bedba80baecae1cca87746592cfdeae8179266ecc18a3f90,fe652edd8cb3ef1f817a5ec6a93cacb06d94cee6cab5a3f51554f7881524e1bf
journeys/how-to-customize-a-playbook-safely.md,_i18n/en/journeys/how-to-customize-a-playbook-safely.md,_i18n/es/journeys/how-to-customize-a-playbook-safely.md,_journeys/how-to-customize-a-playbook-safely.md,https://help.hellotext.com/how-to-customize-a-playbook-safely,https://help.hellotext.com/es/como-personalizar-una-mision,200,200,published_original,3f42062f3ecd5d4598d7deada38a8022768ef88c006038f3276ad4c4493edf99,a209fac5003bbb51d18fd825ffe5138b37a4f931e19ff0b7c8d1f660a0235b41
journeys/how-to-enable-a-playbook.md,_i18n/en/journeys/how-to-enable-a-playbook.md,_i18n/es/journeys/how-to-enable-a-playbook.md,_journeys/how-to-enable-a-playbook.md,https://help.hellotext.com/how-to-enable-a-playbook,https://help.hellotext.com/es/como-habilitar-una-mision,200,200,published_original,b3fc73fb1b5b9a2cb2730f2ad3046a43834200695fb075a9296dba7ed95e1af5,1860289c90cb55482e3147d8eca7c91e8251ced05f92fa108daa332640e78ce0
journeys/how-to-write-a-great-prompt.md,_i18n/en/journeys/how-to-write-a-great-prompt.md,_i18n/es/journeys/how-to-write-a-great-prompt.md,_journeys/how-to-write-a-great-prompt.md,https://help.hellotext.com/how-to-write-a-great-prompt,https://help.hellotext.com/es/como-escribir-un-gran-prompt,200,200,published_original,39db2f1ed84623edc39a424a1815d0ac19561ad0d542d92eb7b2f8e9ddb1c1f2,84fc1de531d5754903cd041c4e28142b653edd8b1fb0f927c370b2690b49c561
journeys/instant-answers-playbook.md,_i18n/en/journeys/instant-answers-playbook.md,_i18n/es/journeys/instant-answers-playbook.md,_journeys/instant-answers-playbook.md,https://help.hellotext.com/instant-answers-playbook,https://help.hellotext.com/es/respuestas-instantaneas,200,200,published_original,3ea57aa9af972a15c7f4940fd561a8fff6f87e13a21932c1594e3787cacefba4,370d5333636c2a007fdcd6c7f1b6eb2e6433ae3a1c7d89a0cb149fa4a1ebc820
journeys/nps-pulse-playbook.md,_i18n/en/journeys/nps-pulse-playbook.md,_i18n/es/journeys/nps-pulse-playbook.md,_journeys/nps-pulse-playbook.md,https://help.hellotext.com/nps-pulse-playbook,https://help.hellotext.com/es/pulso-nps,200,200,published_original,9185b34f7edfa3247760ebad9635b6c6b4eb4ecb7c85a0a77c27dab144b4209e,b91f12cc08fb0db187c2033ca6e1667e6e74e9fd0e6708deff11f05dbecd1536
journeys/order-cancellation-assistant-playbook.md,_i18n/en/journeys/order-cancellation-assistant-playbook.md,_i18n/es/journeys/order-cancellation-assistant-playbook.md,_journeys/order-cancellation-assistant-playbook.md,https://help.hellotext.com/order-cancellation-assistant-playbook,https://help.hellotext.com/es/asistente-cancelacion-pedidos,200,200,published_original,8d625a2fa7079a76fb9c6d785a88df2c1ca0ea3e39da1ac2f79c680296453c41,37d4496e4f46a6ad6a3a8063ff1c38d25d1588af3f3183886eda15765de5be34
journeys/order-update-playbook.md,_i18n/en/journeys/order-update-playbook.md,_i18n/es/journeys/order-update-playbook.md,_journeys/order-update-playbook.md,https://help.hellotext.com/order-update-playbook,https://help.hellotext.com/es/seguimiento-de-pedidos,200,200,published_original,9dee32fe4a625e54990d0073c80a2255f5726b4373ddb22348ac5747c40795e1,c7a8a08b40e31e3d5300c5441553b9d6e24245a669d03f8a223dbc2ed6808304
journeys/playbook-library-by-mission.md,_i18n/en/journeys/playbook-library-by-mission.md,_i18n/es/journeys/playbook-library-by-mission.md,_journeys/playbook-library-by-mission.md,https://help.hellotext.com/playbook-library-by-mission,https://help.hellotext.com/es/biblioteca-misiones-por-objetivo,200,200,published_original,421ec8cd54a2dcbef01934422f30c12b163f616b34cf63eb04493a6fe4b1f8b7,cc141adbe325e52904a28af98c55ae2fb64e8a49d50056a1c3d3a4f9ae08841c
journeys/playbooks-overview.md,_i18n/en/journeys/playbooks-overview.md,_i18n/es/journeys/playbooks-overview.md,_journeys/playbooks-overview.md,https://help.hellotext.com/playbooks-automation-overview,https://help.hellotext.com/es/resumen-misiones-automatizacion,200,200,published_original,c374a87cf8aa8618a3f32caa7d4e1001dcc37b107d51aedaba0bb082ad2c2713,440bf9a2bf2a6bd593dfa6813ffe8e88d11f50b58d183947565c8fc569753c9d
journeys/price-drop-pouncer.md,_i18n/en/journeys/price-drop-pouncer.md,_i18n/es/journeys/price-drop-pouncer.md,_journeys/price-drop-pouncer.md,https://help.hellotext.com/price-drop-pouncer,https://help.hellotext.com/es/alerta-baja-precio,200,200,published_original,d7ff9ec684cffe2f4a2066d033eaf648e496eac97a92b0381214a1ba6a9de30e,792349937d8f493d4716f0871405fbaa2352fd5de8812844bcaddd23cc9382e2
journeys/replenishment-driver-playbook.md,_i18n/en/journeys/replenishment-driver-playbook.md,_i18n/es/journeys/replenishment-driver-playbook.md,_journeys/replenishment-driver-playbook.md,https://help.hellotext.com/replenishment-driver-playbook,https://help.hellotext.com/es/impulsor-recompra,200,200,published_original,b6ed9720df308f30338dda86d07e2e4fb58a93ec6cc2277e1eb5eebbf76d417c,c9e5c2c76d7b7fea1f0f494f0b0edf96454181e38868e60473e3adaf1238ccf9
journeys/return-and-exchange-helper-playbook.md,_i18n/en/journeys/return-and-exchange-helper-playbook.md,_i18n/es/journeys/return-and-exchange-helper-playbook.md,_journeys/return-and-exchange-helper-playbook.md,https://help.hellotext.com/return-and-exchange-helper-playbook,https://help.hellotext.com/es/asistente-cambios-devoluciones,200,200,published_original,662e16291a2eb9b997e39886c04a7d5ff3092a401bdd29c1a2bfa8e1c0c6a9e0,da951dd4fc68dd8596b10fc35a0300431ea0390e04e1c89c084c2494d915b4bd
journeys/review-builder-playbook.md,_i18n/en/journeys/review-builder-playbook.md,_i18n/es/journeys/review-builder-playbook.md,_journeys/review-builder-playbook.md,https://help.hellotext.com/review-builder-playbook,https://help.hellotext.com/es/generador-resenas,200,200,published_original,77798d4425d14a74729c569c4bb2c8f83b9da469a64a17bfe15a5485969c532d,acce812825291501fa40dce91da2ef2416c9d626f4962865f224cb9d4113f440
journeys/smart-recommender-playbook.md,_i18n/en/journeys/smart-recommender-playbook.md,_i18n/es/journeys/smart-recommender-playbook.md,_journeys/smart-recommender-playbook.md,https://help.hellotext.com/smart-recommender-playbook,https://help.hellotext.com/es/recomendador-inteligente,200,200,published_original,590139a5330e69d2b83585bcd723adea646ecb28298da17001a4ca282d28c603,bcc55ef8a8807d20a651bde2389587ac7103ccb2c0dc2cbb276a03de7b4c47f3
journeys/soft-reactivation-playbook.md,_i18n/en/journeys/soft-reactivation-playbook.md,_i18n/es/journeys/soft-reactivation-playbook.md,_journeys/soft-reactivation-playbook.md,https://help.hellotext.com/soft-reactivation-playbook,https://help.hellotext.com/es/reactivacion-suave,200,200,published_original,b201770f19254103c6ef6342ae9733ce3d5f54626253b6d393dca3ecb23caa95,29c163a85669e7e638cc0a8f94855cfae485c4aaca0be8d6bf3882c51f2236cb
journeys/sunset-saver-playbook.md,_i18n/en/journeys/sunset-saver-playbook.md,_i18n/es/journeys/sunset-saver-playbook.md,_journeys/sunset-saver-playbook.md,https://help.hellotext.com/sunset-saver-playbook,https://help.hellotext.com/es/ultimo-intento,200,200,published_original,4dca3d9e84ddc1c85c5e8f232282e81955ca6850ebbd52084ead19b4ee675ce5,1699c2dece4b0a7aa74eb448b913117a1d00fc4610566a4c4311c9524cdc9024
journeys/troubleshoot-a-playbook-that-did-not-trigger-or-send.md,_i18n/en/journeys/troubleshoot-a-playbook-that-did-not-trigger-or-send.md,_i18n/es/journeys/troubleshoot-a-playbook-that-did-not-trigger-or-send.md,_journeys/troubleshoot-a-playbook-that-did-not-trigger-or-send.md,https://help.hellotext.com/troubleshoot-a-playbook-that-did-not-trigger-or-send,https://help.hellotext.com/es/soluciona-una-mision-que-no-se-disparo-o-no-envio,200,200,published_original,1f7b99ddb4539f636049f836e3b53d27e761386ff0d7bc4cadc7f7edd6838758,29ac9869c095120f5443b551eeb9e28bf9d4fbfa77f78b6997d7d2c9f4c4e9ea
journeys/what-are-signals.md,_i18n/en/journeys/what-are-signals.md,_i18n/es/journeys/what-are-signals.md,_journeys/what-are-signals.md,https://help.hellotext.com/what-are-signals,https://help.hellotext.com/es/que-son-las-senales,200,200,published_original,257aeaa255d74ea86fd0ce0c00be102f77a86aa9613f0fe9abe91cc9371dc080,4a36763fa89215c853f63a3dd6f3722ec0a1d11bce5e42c146b0ad9a1f562d82
numbers/email-channel-fundamentals.md,_i18n/en/numbers/email-channel-fundamentals.md,_i18n/es/numbers/email-channel-fundamentals.md,_numbers/email-channel-fundamentals.md,https://help.hellotext.com/email-channel-fundamentals,https://help.hellotext.com/es/fundamentos-canal-correo-electronico,200,200,published_original,900be33309b01075d31a6ee051cd044acfbeb21e1f8ceeb6000dca1639543527,b42661bd46208829a742e5bdfb1d51435ecc891e4ece96e097e71ed241fd0509
numbers/exclusive-short-codes.md,_i18n/en/numbers/exclusive-short-codes.md,_i18n/es/numbers/exclusive-short-codes.md,_numbers/exclusive-short-codes.md,https://help.hellotext.com/exclusive-short-codes,https://help.hellotext.com/es/codigos-cortos-exclusivos,200,200,published_original,90aae1c59719ac85315b24a58639352874ee8e2569cd30502d128463452e81c3,93be6755b483e7f5adfbf7a8fe8d6ffbe931427c9fb45b213f52382ab266e313
numbers/facebook-messenger-fundamentals.md,_i18n/en/numbers/facebook-messenger-fundamentals.md,_i18n/es/numbers/facebook-messenger-fundamentals.md,_numbers/facebook-messenger-fundamentals.md,https://help.hellotext.com/facebook-messenger-fundamentals,https://help.hellotext.com/es/fundamentos-facebook-messenger,200,200,published_original,2813b353f3f524b2ab9fd085ec49cd4b136a697b6945213a27a1f540193cad3c,270b99ee8e731ebccc8faf1be1917ae909f8754811aafbfe6289344164328710
numbers/instagram-dm-fundamentals.md,_i18n/en/numbers/instagram-dm-fundamentals.md,_i18n/es/numbers/instagram-dm-fundamentals.md,_numbers/instagram-dm-fundamentals.md,https://help.hellotext.com/instagram-dm-fundamentals,https://help.hellotext.com/es/fundamentos-instagram-dm,200,200,published_original,84659f91706e0438089aa8c41eb0c09021718519753f6b010f6b334da056de0b,1737c41645dd775e00dbd992b1f6b35c53cd90beda61602d51ae8cd40620d3a8
numbers/message-editor-basics.md,_i18n/en/numbers/message-editor-basics.md,_i18n/es/numbers/message-editor-basics.md,_numbers/message-editor-basics.md,https://help.hellotext.com/message-editor-basics,https://help.hellotext.com/es/conceptos-basicos-editor-mensajes,200,200,published_original,3a76538c362c63173584a34e469a34f6fd6128ac14770459901a7d52d30eea85,9eb930e7b14e8b56bf8c9360effe77ab356c2910540bbdc13c9b9399410bdb67
numbers/message-editor-overview.md,_i18n/en/numbers/message-editor-overview.md,_i18n/es/numbers/message-editor-overview.md,_numbers/message-editor-overview.md,https://help.hellotext.com/message-editor-overview,https://help.hellotext.com/es/resumen-editor-mensajes,200,200,published_original,7b9a067373ea11718573e21f8395e8a64b0c4724890293274681e2ba9a3d0d1d,f4743b963f281ce5c23f625ad1444de6634cdd7f4bdfe41b4cd19d3327a2d849
numbers/messaging-overview.md,_i18n/en/numbers/messaging-overview.md,_i18n/es/numbers/messaging-overview.md,_numbers/messaging-overview.md,https://help.hellotext.com/messaging-channels-overview,https://help.hellotext.com/es/resumen-canales-mensajeria,200,200,published_original,a2c60cf640cd9d681464b793219527396df34f330d7d7906b4823bc5708a84ac,30a6a94b63bdd70eb797640967b47ec86afa4bba6e16376c60bf688723d8f074
numbers/share-a-location.md,_i18n/en/numbers/share-a-location.md,_i18n/es/numbers/share-a-location.md,_numbers/share-a-location.md,https://help.hellotext.com/share-a-location,https://help.hellotext.com/es/compartir-ubicacion,200,200,published_original,57648cfb456da15ef78d4f9ddb5d79da60ef37a902bd9328a47c4a9da0922c51,e3e3f9195d4296d3cea5a9bb139e4da4e71c69b610f8ca1e91215422f42e73c8
numbers/sms-channel-fundamentals.md,_i18n/en/numbers/sms-channel-fundamentals.md,_i18n/es/numbers/sms-channel-fundamentals.md,_numbers/sms-channel-fundamentals.md,https://help.hellotext.com/sms-channel-fundamentals,https://help.hellotext.com/es/fundamentos-canal-sms,200,200,published_original,74d27577967e4054430c2e7e55c3556532fdb37bae1abc531d4e93d2c1c5a2c0,5c9a9e73a2029445e70885bc9ed00196f567beb377f1e3e94780d611cb1486fd
numbers/whatsapp-channel-fundamentals.md,_i18n/en/numbers/whatsapp-channel-fundamentals.md,_i18n/es/numbers/whatsapp-channel-fundamentals.md,_numbers/whatsapp-channel-fundamentals.md,https://help.hellotext.com/whatsapp-channel-fundamentals,https://help.hellotext.com/es/fundamentos-canal-whatsapp,200,200,published_original,93319a443b1fe01023d66ec1939116c3390adb1b55459463d7dd03accf7d9b8b,5407d71f2f664c5a0cc5f5f25c6e6e7f497b40d6888021683775234b5d8cab5b
team/ai-handoff-to-inbox.md,_i18n/en/team/ai-handoff-to-inbox.md,_i18n/es/team/ai-handoff-to-inbox.md,_team/ai-handoff-to-inbox.md,https://help.hellotext.com/ai-handoff-to-inbox,https://help.hellotext.com/es/derivacion-ia-inbox,200,200,published_original,d88be9f9e88b7950efe6be8759489a3974d5dc9939148e23e18feb56acd8b267,ef2800badb855d56c3ff9c415ec8e0bcb551c6a6c067b2d4a24e9ae153a9573d
team/assigning-conversations.md,_i18n/en/team/assigning-conversations.md,_i18n/es/team/assigning-conversations.md,_team/assigning-conversations.md,https://help.hellotext.com/assigning-conversations,https://help.hellotext.com/es/asignando-conversaciones,200,200,published_original,57b35a32456c13e2f771fa21fc7a15b2081cdb69d3f9f3542b030a719af8c3fa,f1fabc315f829c84057a4f216b08a3c51c0cf9304465856b6cc3dffabc626cf7
team/conversation-lifecycle.md,_i18n/en/team/conversation-lifecycle.md,_i18n/es/team/conversation-lifecycle.md,_team/conversation-lifecycle.md,https://help.hellotext.com/conversation-lifecycle,https://help.hellotext.com/es/ciclo-conversacion-inbox,200,200,published_original,866bd7a5e2ea4b1648dc77b31d70cad4ce47c3484d077083ce3a55da731461fc,e306dca15c1f838c9b3f58074364a1eaaf2bab17d3311a4cb6dd4a26818217ba
team/filter-and-search-inbox.md,_i18n/en/team/filter-and-search-inbox.md,_i18n/es/team/filter-and-search-inbox.md,_team/filter-and-search-inbox.md,https://help.hellotext.com/filter-and-search-inbox,https://help.hellotext.com/es/filtrar-buscar-conversaciones-inbox,200,200,published_original,429ab4393cdff3814f3af7cf5bd2d43b7fc70646b53918799adef42fc006b660,5d41b5e3ac7b87b6160ae95dfd31bfea573debfc9dd4a72c751e5d4b8233e87b
team/inbox-browser-notifications.md,_i18n/en/team/inbox-browser-notifications.md,_i18n/es/team/inbox-browser-notifications.md,_team/inbox-browser-notifications.md,https://help.hellotext.com/inbox-browser-notifications,https://help.hellotext.com/es/notificaciones-navegador-inbox,200,200,published_original,cb6ec1ab8a3570cb1cecd06263ad79fdfa83aaed01a63eb1ce8fbb1c1ef5e337,2fbfc0b0dab9ee50156742d405848e1bb2246604665265d860c56b800e07082b
team/inbox-overview.md,_i18n/en/team/inbox-overview.md,_i18n/es/team/inbox-overview.md,_team/inbox-overview.md,https://help.hellotext.com/inbox-conversations-overview,https://help.hellotext.com/es/resumen-inbox-conversaciones,200,200,published_original,b16e172c08a2473f96c8ee95d4800e8f574ef1af91560e1d33f7a4bc522f9e1f,246ad26ad53b12204699f4c1c9f6c665d16e8aa3735bdfc9bfab099e876097bf
team/teams-and-inbox-capacity.md,_i18n/en/team/teams-and-inbox-capacity.md,_i18n/es/team/teams-and-inbox-capacity.md,_team/teams-and-inbox-capacity.md,https://help.hellotext.com/teams-and-inbox-capacity,https://help.hellotext.com/es/equipos-y-capacidad-inbox,200,200,published_original,2c3e3bd88186b3d5bf8bd65a02e27a153a69ac048ead2dfd772dcd268e256ffd,eaa28798785c99524928ec38e03267dc3e54c7e190f0a51c0fa5f25818f29946
team/understanding-response-times.md,_i18n/en/team/understanding-response-times.md,_i18n/es/team/understanding-response-times.md,_team/understanding-response-times.md,https://help.hellotext.com/understanding-response-times,https://help.hellotext.com/es/tiempo-de-respuesta-y-reglas-de-respuesta,200,200,published_original,edec577e978de2e757e85cdbe3e49dd1eca29b864f827074ec58ce483bb0a9e3,95c82cc4081f04c4e244d7b87d705d58811f70d89119f9531ca1648c0f26bf44
team/understanding-team-roles.md,_i18n/en/team/understanding-team-roles.md,_i18n/es/team/understanding-team-roles.md,_team/understanding-team-roles.md,https://help.hellotext.com/understanding-team-roles,https://help.hellotext.com/es/diferencias-entre-roles-de-equipo,200,200,published_original,a93fd0692e4a38306cb11ffaf6e2d731cc02669284cf7b80dc67e0bb85f03e43,b36966066ffa44f1ecfcabaa67cf7e1229700fcca0de81c7ec10d937d8d5f753
troubleshooting-deliverability/contact-hellotext-support.md,_i18n/en/troubleshooting-deliverability/contact-hellotext-support.md,_i18n/es/troubleshooting-deliverability/contact-hellotext-support.md,_troubleshooting-deliverability/contact-hellotext-support.md,https://help.hellotext.com/contact-hellotext-support,https://help.hellotext.com/es/contactar-soporte-hellotext,200,200,published_original,f5d97f77a32285030f962ea561061a26824e04f4d8298b324d03566d0ef330df,a03e97fbb12d6f78b2181949ce446f37c34176c70212cf9329b12bb890ec9c1b
troubleshooting-deliverability/sms-sending-limits-for-new-businesses.md,_i18n/en/troubleshooting-deliverability/sms-sending-limits-for-new-businesses.md,_i18n/es/troubleshooting-deliverability/sms-sending-limits-for-new-businesses.md,_troubleshooting-deliverability/sms-sending-limits-for-new-businesses.md,https://help.hellotext.com/sms-sending-limits-for-new-businesses,https://help.hellotext.com/es/limites-de-envio-sms-para-negocios-nuevos,200,200,published_original,e29372b3da06047aebf2db14e11f41ed6894d6f85e9b9d4fbb10dcf92273d8ef,ceae94a0ed3cea28bcc35190e377fe12bfb15c857ab8b89d4202a95ad20b8320
troubleshooting-deliverability/troubleshoot-a-capture.md,_i18n/en/troubleshooting-deliverability/troubleshoot-a-capture.md,_i18n/es/troubleshooting-deliverability/troubleshoot-a-capture.md,_troubleshooting-deliverability/troubleshoot-a-capture.md,https://help.hellotext.com/troubleshoot-a-capture,https://help.hellotext.com/es/solucionar-una-captura,200,200,published_original,e9425aec4c193631a97c5ee4b10952553523e26616a4a0352a74be62821064ae,6a8175a11deef2235badc0c523c3340465bd79537122c833b44f9900859eedd4
troubleshooting-deliverability/troubleshoot-missing-signals-or-activity.md,_i18n/en/troubleshooting-deliverability/troubleshoot-missing-signals-or-activity.md,_i18n/es/troubleshooting-deliverability/troubleshoot-missing-signals-or-activity.md,_troubleshooting-deliverability/troubleshoot-missing-signals-or-activity.md,https://help.hellotext.com/troubleshoot-missing-signals-or-activity,https://help.hellotext.com/es/solucionar-senales-o-actividad-faltante,200,200,published_original,a6da051b494e3f920977e8887d92d11ab2a17f34f261855829a1d1e0d0c8d0cc,7b0d5aa91dbf22c8fda71889d59ae7f6f252957a96e5be6cbba7c07f3abdca3f
troubleshooting-deliverability/troubleshoot-pages-that-do-not-load.md,_i18n/en/troubleshooting-deliverability/troubleshoot-pages-that-do-not-load.md,_i18n/es/troubleshooting-deliverability/troubleshoot-pages-that-do-not-load.md,_troubleshooting-deliverability/troubleshoot-pages-that-do-not-load.md,https://help.hellotext.com/troubleshoot-pages-that-do-not-load,https://help.hellotext.com/es/solucionar-paginas-que-no-cargan,200,200,published_original,cb36a400c1e4ab9aeefd898b70bad4393f5990277009e2c565ae666db0ba07f1,b6653cba5dd07330aa8c9deabfeb5717b7cf508986a9f5338d6fd2c0e381e7ed
troubleshooting-deliverability/troubleshoot-push-notifications.md,_i18n/en/troubleshooting-deliverability/troubleshoot-push-notifications.md,_i18n/es/troubleshooting-deliverability/troubleshoot-push-notifications.md,_troubleshooting-deliverability/troubleshoot-push-notifications.md,https://help.hellotext.com/troubleshoot-push-notifications,https://help.hellotext.com/es/solucionar-notificaciones-push,200,200,published_original,8f810a6212a46c63c5acd7d98839cdc932a9ec0621889cdbc13639f07928b929,ee25c6b3e648d63f0ef5c723b281542b2f471c4eedd88e1c4779bbbcc7f972f0
troubleshooting-deliverability/troubleshoot-whatsapp-templates.md,_i18n/en/troubleshooting-deliverability/troubleshoot-whatsapp-templates.md,_i18n/es/troubleshooting-deliverability/troubleshoot-whatsapp-templates.md,_troubleshooting-deliverability/troubleshoot-whatsapp-templates.md,https://help.hellotext.com/troubleshoot-whatsapp-templates,https://help.hellotext.com/es/solucionar-plantillas-whatsapp,200,200,published_original,c3a00101915cf22ceb1cc3e4344b937b58ec2d775809607ad9c8726578f91c76,21b1e328a895a2fb1ac00dc81cc54bc650124dff608fa8f06856f9ce93499946
troubleshooting-deliverability/troubleshooting-checklist.md,_i18n/en/troubleshooting-deliverability/troubleshooting-checklist.md,_i18n/es/troubleshooting-deliverability/troubleshooting-checklist.md,_troubleshooting-deliverability/troubleshooting-checklist.md,https://help.hellotext.com/troubleshooting-checklist,https://help.hellotext.com/es/checklist-solucion-de-problemas,200,200,published_original,83eb0c60bc2a2b0200e6ba93e935f4ec14536aea8c5a90813fa7f427724a1e9e,a7c0b4b27c20ada050075f345e58d212f66d6ab51d6e412b33b8c0f9dbb4ad6f
troubleshooting-deliverability/troubleshooting-overview.md,_i18n/en/troubleshooting-deliverability/troubleshooting-overview.md,_i18n/es/troubleshooting-deliverability/troubleshooting-overview.md,_troubleshooting-deliverability/troubleshooting-overview.md,https://help.hellotext.com/troubleshooting-overview,https://help.hellotext.com/es/resumen-solucion-de-problemas,200,200,published_original,59e9c2650d53e2715f3437716c8bcccabc62b678f29b733a05b20f667a3126d9,cbf50f908ff93a265e4c0e1ae8e8525f398bf41990b3744e7809b789f58375b0
troubleshooting-deliverability/why-a-message-did-not-send.md,_i18n/en/troubleshooting-deliverability/why-a-message-did-not-send.md,_i18n/es/troubleshooting-deliverability/why-a-message-did-not-send.md,_troubleshooting-deliverability/why-a-message-did-not-send.md,https://help.hellotext.com/why-a-message-did-not-send,https://help.hellotext.com/es/por-que-no-se-envio-un-mensaje,200,200,published_original,135e0a933cf014e4ee3581d25165de1dc82ee9c3860126b9a7e150a05eb4b75f,7fdd54a52466998e2f42498446b15fb0d8025d93d2618852343ab52df10fd84e
