article_key,editorial_status,local_verified_commit,work_record
analytics-reporting-attribution/analytics-overview.md,local_verified,a395a2b,docs/editorial-work/analytics-overview.md
analytics-reporting-attribution/campaign-reporting.md,local_verified,60b8625e78fe36b394d23b67135a9d80d792f2d1,docs/editorial-work/campaign-reporting.md
analytics-reporting-attribution/dashboard-guide.md,local_verified,c0043c8e66f3127ccd037e73ee079dcc1ab3290c,docs/editorial-work/dashboard-guide.md
analytics-reporting-attribution/data-completeness-and-reporting-gaps.md,local_verified,dc8159b3e2cf39eba913c6ed048e60aff72345f0,docs/editorial-work/data-completeness-and-reporting-gaps.md
analytics-reporting-attribution/demand-insights-guide.md,local_verified,2fc96f2b5347afa9f0d93b45a1ae486320f6725c,docs/editorial-work/demand-insights-guide.md
analytics-reporting-attribution/performance-report-guide.md,local_verified,3ef31ecaf306c1d46475cb13a970f1f6fd9e2b39,docs/editorial-work/performance-report-guide.md
analytics-reporting-attribution/playbook-reporting.md,local_verified,389869fd74279e2c861b0cfb3da2eb52f84f37ea,docs/editorial-work/playbook-reporting.md
analytics-reporting-attribution/revenue-report-guide.md,local_verified,dfa050108af7f6f3490404466677768f96878b3b,docs/editorial-work/revenue-report-guide.md
analytics-reporting-attribution/sales-attribution.md,local_verified,fece70b,docs/editorial-work/sales-attribution.md
analytics-reporting-attribution/service-quality-report-guide.md,local_verified,ef7a8d6da9ef2504135b9a171a14c27f8c8df17b,docs/editorial-work/service-quality-report-guide.md
analytics-reporting-attribution/tracked-links.md,local_verified,2f5f47011d199f25a55895452558e041dbcb7921,docs/editorial-work/tracked-links.md
analytics-reporting-attribution/workload-capacity-report-guide.md,local_verified,0246e0c8c304cf8d7e7e2d7e06a70ed95d766dfc,docs/editorial-work/workload-capacity-report-guide.md
audience/audience-overview.md,local_verified,9deb417eb970a3039e59522a1d50e53bd61498af,docs/editorial-work/audience-overview.md
audience/consent-and-subscriber-status.md,local_verified,50c987492608662a26e6b2bbfe2482ddbc4ec2ad,docs/editorial-work/consent-and-subscriber-status.md
audience/custom-properties-and-events.md,local_verified,f452252,docs/editorial-work/custom-properties-and-events.md
audience/customer-profiles.md,local_verified,b5eeff5,docs/editorial-work/customer-profiles.md
audience/data-privacy-requests.md,local_verified,3fd70851c4e27ff74d15433582b682ce28798ab5,docs/editorial-work/data-privacy-requests.md
audience/exporting-data.md,local_verified,0d32f2b9cb9da29821d276c5732900e1705031f6,docs/editorial-work/exporting-data.md
audience/import-customer-profiles.md,local_verified,4926ef256078e1884e5623a425bb3577d4afe6a8,docs/editorial-work/import-customer-profiles.md
audience/lists-and-segments.md,local_verified,c94f3cb3aa683d0394d00b0427c136916a512f4e,docs/editorial-work/lists-and-segments.md
audience/lists.md,local_verified,d499c8bdb4c6032635f5c94e12e0559c1584f94a,docs/editorial-work/lists.md
audience/personalization-tags.md,local_verified,5ca1587e,docs/editorial-work/personalization-tags.md
audience/segments.md,local_verified,21f0e69,docs/editorial-work/segments-chooser-clean-crop.md
billing/billing-overview.md,local_verified,89ea8bcb,docs/editorial-work/billing-overview.md
billing/billing-settings-and-invoices.md,local_verified,43be3253,docs/editorial-work/billing-settings-and-invoices.md
billing/billing-troubleshooting.md,local_verified,1df2f0d2,docs/editorial-work/billing-troubleshooting.md
billing/change-or-cancel-your-plan.md,local_verified,b5ff3e23ba4d60249ba3840b6214441616f4c148,docs/editorial-work/change-or-cancel-plan.md
billing/fair-use-message-policy.md,local_verified,2f5b9a1952e8b7d53a7b41eb2b8b118d293d3603,docs/editorial-work/fair-use-message-policy.md
billing/how-pricing-works.md,local_verified,295ebb80,docs/editorial-work/how-pricing-works.md
billing/performance-fee-calculation.md,local_verified,767f6f33a54c95f77a56b60889d29fead5110858,docs/editorial-work/performance-fee-calculation.md
billing/sms-pricing-and-number-types.md,local_verified,295ebb80,docs/editorial-work/sms-pricing-and-number-types.md
billing/understanding-plan-quotas.md,local_verified,c4e988ccec1d6ff3e43bdd5731e40f85db0045ff,docs/editorial-work/understanding-plan-quotas.md
billing/whatsapp-fees.md,local_verified,c004d2bb3ee0d8a4cca6117036413e2579042165,docs/editorial-work/whatsapp-fees.md
campaigns/campaign-best-practices.md,local_verified,022cc577,docs/editorial-work/campaign-best-practices.md
campaigns/campaigns-overview.md,local_verified,cffe95ee,docs/editorial-work/campaigns-overview.md
campaigns/creating-a-campaign.md,pending,,
captures/capture-overview.md,local_verified,724549d93d1c574fb5823da44ced2da12ab4236a,docs/editorial-work/capture-overview.md
captures/forms.md,local_verified,68ea8fc4e9071a73b4e745d9aaf4726848cd4328,docs/editorial-work/forms.md
captures/property-collector-playbook.md,local_verified,2059d23c1b762a94e0ef23ad6f5ee7dc8e4c0cfb,docs/editorial-work/property-collector-playbook.md
captures/qr-codes.md,local_verified,724549d93d1c574fb5823da44ced2da12ab4236a,docs/editorial-work/qr-codes.md
captures/shareable-link.md,local_verified,9e66ca41ee3396cc60f434593961a1590b9c2ba2,docs/editorial-work/shareable-link.md
captures/shopify-checkout.md,pending,,docs/editorial-work/shopify-checkout-layout.md
captures/subscriber-booster-playbook.md,local_verified,fcf70608d29d66d12c5c2b016da115a9d140f35b,docs/editorial-work/subscriber-booster-playbook.md
captures/webchat-widget-playbook.md,local_verified,f5404c53925c46fee470a57fc3d970db571ccd2e,docs/editorial-work/webchat-widget-playbook.md
captures/website-popup.md,local_verified,fbb366c649e695ec68d0f16ff7cc3d860e8d5b51,docs/editorial-work/website-popup.md
captures/wix-checkout.md,pending,,
developers/api.md,out_of_scope,,
developers/coupons-with-api.md,local_verified,6b3a13e24dd21fd39052b63a7381396d9ee9a354,docs/editorial-work/coupons-api.md
developers/custom-actions.md,local_verified,1c3c7e8503ad69ee70d1839ef349985c86c843a0,docs/editorial-work/custom-actions.md
developers/custom-store-integration.md,local_verified,573d8215d4ca05c358114483ed50e1413d73b6f2,docs/editorial-work/custom-store-integration.md
developers/developers-overview.md,local_verified,a04fa378b70dac940493d2182ff78b0779a0b2d7,docs/editorial-work/developers-overview.md
developers/external-tracking.md,local_verified,879fb1bedaded0f5e451bb2105a3595ac3f4bb4c,docs/editorial-work/external-tracking.md
developers/objects.md,local_verified,c90187d02bd72980c8a400a465e9f9dee88cf223,docs/editorial-work/objects.md
developers/orders-with-api.md,local_verified,12cd42398e6e0c96e21dbf4c943c2fc4c8992b1d,docs/editorial-work/orders-with-api.md
developers/products-and-inventory-with-api.md,local_verified,9eb84f0ce33bc1b4550c9d4bdcc5c85d8cbc6a2c,docs/editorial-work/products-and-inventory-with-api.md
developers/send-messages-with-api.md,local_verified,6e7ae88260f08f767f92b5fc7f7d63f2305cc227,docs/editorial-work/send-messages-with-api.md
developers/send-sms-with-api.md,local_verified,8bed47fac86a9f0bf6007ee6223d355aa372d638,docs/editorial-work/send-sms-with-api.md
developers/setup-push-with-hellotext-js.md,local_verified,fabd2f840c5df5aad690318436899be2c5aeb688,docs/editorial-work/setup-push-with-hellotext-js.md
developers/templates-with-api.md,pending,,
developers/tracking-events.md,pending,,
developers/tracking-on-campaigns-and-journeys.md,pending,,
developers/tracking-unidentified-customers.md,pending,,
developers/troubleshoot-custom-integration.md,pending,,
getting-started/first-wins-starter-pack.md,local_verified,6ef072e7,docs/editorial-work/first-wins-starter-pack.md
getting-started/frequent-questions.md,local_verified,c8bb3e33668e075b532521120060b77a78ba1c7e,docs/editorial-work/frequent-questions.md
getting-started/go-live-checklist.md,pending,,
getting-started/how-hellotext-works.md,local_verified,dd237037fa7387704e78bdd917481d3ec27b7ab8,docs/editorial-work/how-hellotext-works.md
getting-started/implementation-paths.md,local_verified,e0dc5cadf816044cb5d7705cead91e9f52f7681a,docs/editorial-work/implementation-paths.md
getting-started/launch-checklist.md,pending,,
getting-started/measure-success-first-7-days.md,pending,,
getting-started/setting-up-your-business.md,pending,,
getting-started/tips-and-best-practices.md,pending,,
getting-started/what-is-hellotext.md,local_verified,44df74ef1a250a6ada8a8eba6c4111759963c9cc,docs/editorial-work/what-is-hellotext.md
integrations/connect-catalog-to-whatsapp.md,pending,,
integrations/connect-facebook-messenger.md,pending,,
integrations/connect-fenicio.md,pending,,
integrations/connect-instagram-dm.md,pending,,
integrations/connect-mercado-libre.md,pending,,
integrations/connect-shopify.md,pending,,
integrations/connect-vtex.md,pending,,
integrations/connect-whatsapp.md,pending,,
integrations/connect-wix.md,pending,,
integrations/connect-woo.md,pending,,
integrations/custom-domain-for-short-links.md,pending,,
integrations/product-catalog-sync.md,pending,,
integrations/set-up-email-sending.md,pending,,
integrations/setup-overview.md,pending,,
integrations/setup-push-notifications.md,pending,,
integrations/transferring-ownership.md,pending,,
integrations/verify-data-and-signals.md,pending,,
journeys/abandoned-cart-route-vs-ai-playbook.md,local_verified,71b191cf44dd3414c11757141392342b0db1d198,docs/editorial-work/abandoned-cart-route-vs-ai-playbook.md
journeys/ai-cart-saver-playbook.md,pending,,
journeys/anniversary-surprise-playbook.md,pending,,
journeys/back-in-stock-pounce.md,pending,,
journeys/birthday-bash-playbook.md,pending,,
journeys/browse-recovery-playbook.md,pending,,
journeys/cart-saver-route.md,pending,,
journeys/choose-your-first-playbook.md,local_verified,1419af6f,docs/editorial-work/choose-your-first-playbook.md
journeys/complete-the-look-playbook.md,pending,,
journeys/cross-sell-driver-playbook.md,pending,,
journeys/csat-pulse-playbook.md,pending,,
journeys/custom-agent-playbook.md,pending,,
journeys/custom-journey.md,pending,,
journeys/dormant-revival-playbook.md,pending,,
journeys/first-purchase-driver-playbook.md,pending,,
journeys/getting-started-with-journeys.md,pending,,
journeys/how-hellotext-decides-whether-a-playbook-can-send.md,pending,,
journeys/how-to-customize-a-playbook-safely.md,pending,,
journeys/how-to-enable-a-playbook.md,pending,,
journeys/how-to-write-a-great-prompt.md,pending,,
journeys/instant-answers-playbook.md,pending,,
journeys/nps-pulse-playbook.md,pending,,
journeys/order-cancellation-assistant-playbook.md,pending,,
journeys/order-update-playbook.md,pending,,
journeys/playbook-library-by-mission.md,pending,,
journeys/playbooks-overview.md,pending,,
journeys/price-drop-pouncer.md,pending,,
journeys/replenishment-driver-playbook.md,pending,,
journeys/return-and-exchange-helper-playbook.md,pending,,
journeys/review-builder-playbook.md,pending,,
journeys/smart-recommender-playbook.md,pending,,
journeys/soft-reactivation-playbook.md,pending,,
journeys/sunset-saver-playbook.md,pending,,
journeys/troubleshoot-a-playbook-that-did-not-trigger-or-send.md,pending,,
journeys/what-are-signals.md,local_verified,4a36f7cacf225f5de1c2ad1a4ee2611880744d2e,docs/editorial-work/what-are-signals.md
numbers/email-channel-fundamentals.md,pending,,
numbers/exclusive-short-codes.md,pending,,
numbers/facebook-messenger-fundamentals.md,pending,,
numbers/instagram-dm-fundamentals.md,pending,,
numbers/message-editor-basics.md,pending,,docs/editorial-work/message-editor-basics-icon.md
numbers/message-editor-overview.md,pending,,
numbers/messaging-overview.md,local_verified,e04f9413,docs/editorial-work/messaging-overview.md
numbers/share-a-location.md,pending,,
numbers/sms-channel-fundamentals.md,pending,,
numbers/whatsapp-channel-fundamentals.md,pending,,
team/ai-handoff-to-inbox.md,pending,,
team/assigning-conversations.md,pending,,
team/conversation-lifecycle.md,pending,,
team/filter-and-search-inbox.md,pending,,
team/inbox-browser-notifications.md,pending,,
team/inbox-overview.md,pending,,
team/teams-and-inbox-capacity.md,pending,,
team/understanding-response-times.md,pending,,
team/understanding-team-roles.md,pending,,
troubleshooting-deliverability/contact-hellotext-support.md,pending,,
troubleshooting-deliverability/sms-sending-limits-for-new-businesses.md,pending,,
troubleshooting-deliverability/troubleshoot-a-capture.md,pending,,
troubleshooting-deliverability/troubleshoot-missing-signals-or-activity.md,pending,,
troubleshooting-deliverability/troubleshoot-pages-that-do-not-load.md,pending,,
troubleshooting-deliverability/troubleshoot-push-notifications.md,pending,,
troubleshooting-deliverability/troubleshoot-whatsapp-templates.md,pending,,
troubleshooting-deliverability/troubleshooting-checklist.md,pending,,
troubleshooting-deliverability/troubleshooting-overview.md,pending,,
troubleshooting-deliverability/why-a-message-did-not-send.md,pending,,
